{
  "students": [
    {
      "stuname": "Sonam",
      "email": "sonam@example.com",
      "id": "1"
    },
    {
      "stuname": "Jaya",
      "email": "jayas@gmail.com",
      "id": "3"
    },
    {
      "stuname": "Sonali",
      "email": "sonali@gs.com",
      "id": "5"
    },
    {
      "stuname": "Demo1",
      "email": "demo!@gmal.com",
      "id": "6"
    },
    {
      "stuname": "Rajesh",
      "email": "raj@gmail.com",
      "id": "8"
    },
    {
      "id": "e79f",
      "stuname": "dummy user",
      "email": "dum@mail.com"
    }
  ]
}